{
  "summary": { "departureTime": "12:58:46", "arrivalTime": "13:42:26", "duration": 44 },
  "route": [
    {
      "type": "WALKING",
      "route": [
        {
          "x": 127.0099353,
          "y": 37.5044823,
          "direction": -88.84424411132653,
          "description": null,
          "distance": 0,
          "duration": 0,
          "pathLength": 0,
          "pathX": [],
          "pathY": []
        },
        {
          "x": 127.0099387,
          "y": 37.5044824,
          "direction": -88.79060207834782,
          "description": "현대자동차 반포지점까지 직진",
          "distance": 30,
          "duration": 27,
          "pathLength": 5,
          "pathX": [37.5044824, 37.504488, 37.504483, 37.5044635, 37.5044296],
          "pathY": [127.0099387, 127.0100055, 127.010105, 127.0101798, 127.0102581]
        },
        {
          "x": 127.0102581,
          "y": 37.5044296,
          "direction": 45.33408238972428,
          "description": "현대자동차 반포지점에서 2개 횡단보도 건너기",
          "distance": 99,
          "duration": 90,
          "pathLength": 7,
          "pathX": [
            37.5044296,
            37.5044829,
            37.504519,
            37.5046026,
            37.5049769,
            37.5050077,
            37.5050494
          ],
          "pathY": [
            127.0102581,
            127.0102827,
            127.0103017,
            127.0106745,
            127.0105295,
            127.0105666,
            127.0106082
          ]
        },
        {
          "x": 127.0106082,
          "y": 37.5050494,
          "direction": -18.928728413757852,
          "description": "왼쪽 방향",
          "distance": 264,
          "duration": 238,
          "pathLength": 16,
          "pathX": [
            37.5050494,
            37.5051498,
            37.5051991,
            37.5053664,
            37.505558,
            37.5056273,
            37.5060051,
            37.5061462,
            37.5062101,
            37.5062964,
            37.5070107,
            37.5070747,
            37.5070963,
            37.5071379,
            37.5071939,
            37.5072219
          ],
          "pathY": [
            127.0106082,
            127.0104684,
            127.0104217,
            127.010338,
            127.0102462,
            127.0102164,
            127.0100136,
            127.0099358,
            127.0099026,
            127.0098579,
            127.0095138,
            127.0095111,
            127.0095166,
            127.0095333,
            127.0095578,
            127.0095712
          ]
        },
        {
          "x": 127.0095712,
          "y": 37.5072219,
          "direction": 32.127604403429075,
          "description": "고속터미널에서 오른쪽 방향",
          "distance": 191,
          "duration": 172,
          "pathLength": 9,
          "pathX": [
            37.5072219,
            37.5072553,
            37.5072797,
            37.5073467,
            37.5073684,
            37.5073911,
            37.5074102,
            37.5075854,
            37.5079302
          ],
          "pathY": [
            127.0095712,
            127.009597,
            127.0096184,
            127.0096801,
            127.0096992,
            127.009733,
            127.0097748,
            127.0102941,
            127.0115025
          ]
        },
        {
          "x": 127.0115025,
          "y": 37.5079302,
          "direction": 90,
          "description": "반포자이아파트104동 방면으로 횡단보도 건너기",
          "distance": 16,
          "duration": 15,
          "pathLength": 2,
          "pathX": [37.5079302, 37.5080606],
          "pathY": [127.0115025, 127.011427]
        },
        {
          "x": 127.011427,
          "y": 37.5080606,
          "direction": 73.5631679224077,
          "description": "왼쪽 방향",
          "distance": 31,
          "duration": 28,
          "pathLength": 2,
          "pathX": [37.5080606, 37.5079673],
          "pathY": [127.011427, 127.0111062]
        },
        {
          "x": 127.0111074,
          "y": 37.5079664,
          "direction": 73.3507711655476,
          "description": null,
          "distance": 0,
          "duration": 0,
          "pathLength": 0,
          "pathX": [],
          "pathY": []
        }
      ]
    },
    {
      "type": "BUS",
      "description": "버스 승차",
      "distance": 3287,
      "duration": 19,
      "busNumber": "4212",
      "busColor": "#3cc344",
      "busCongestion": "여유",
      "remainingTime": 243,
      "pathLength": 34,
      "pathX": [
        127.0111084,
        127.014595,
        127.0163651,
        127.0196609,
        127.0196609,
        127.0210342,
        127.0213394,
        127.0214615,
        127.0215225,
        127.021492,
        127.0211105,
        127.0207825,
        127.0206451,
        127.0205383,
        127.0200729,
        127.0200729,
        127.0199814,
        127.0199356,
        127.0200348,
        127.0201645,
        127.0217667,
        127.0217667,
        127.0247116,
        127.0261536,
        127.0261536,
        127.0279312,
        127.0283813,
        127.030777,
        127.030777,
        127.0324249,
        127.0347214,
        127.0347214,
        127.0379105,
        127.0379105
      ],
      "pathY": [
        37.5079651,
        37.5090141,
        37.5094604,
        37.5104446,
        37.5104446,
        37.5108681,
        37.5109901,
        37.5110817,
        37.5111885,
        37.5114059,
        37.5122299,
        37.5130119,
        37.5134163,
        37.5137672,
        37.5152855,
        37.5152855,
        37.5156288,
        37.5158424,
        37.5159798,
        37.5161057,
        37.5167694,
        37.5167694,
        37.5180168,
        37.5185966,
        37.5185966,
        37.5193443,
        37.519516,
        37.5202866,
        37.5202866,
        37.5208206,
        37.5215263,
        37.5215263,
        37.522522,
        37.522522
      ],
      "stationLength": 8,
      "station": [
        { "id": "22-018", "name": "반포역", "x": 127.0111106, "y": 37.5079674 },
        { "id": "22-190", "name": "논현사거리.논현역4번출구", "x": 127.0196631, "y": 37.5104444 },
        { "id": "23-110", "name": "신사동사거리.신사역", "x": 127.0200749, "y": 37.5152865 },
        { "id": "23-111", "name": "신사사거리", "x": 127.0217637, "y": 37.5167692 },
        { "id": "23-112", "name": "신사동고개", "x": 127.0261517, "y": 37.5185985 },
        { "id": "23-124", "name": "언북중학교입구", "x": 127.0307793, "y": 37.5202854 },
        { "id": "23-125", "name": "제일은행.호림아트센터앞", "x": 127.0347228, "y": 37.5215251 },
        { "id": "23-126", "name": "영동119.안전센터", "x": 127.0379115, "y": 37.5225242 }
      ]
    },
    {
      "type": "WALKING",
      "route": [
        {
          "x": 127.0378712,
          "y": 37.5226022,
          "direction": 72.69281592791135,
          "description": null,
          "distance": 0,
          "duration": 0,
          "pathLength": 0,
          "pathX": [],
          "pathY": []
        },
        {
          "x": 127.0378701,
          "y": 37.5226022,
          "direction": 72.79923970538267,
          "description": "직진",
          "distance": 102,
          "duration": 92,
          "pathLength": 3,
          "pathX": [37.5226022, 37.5227328, 37.5229192],
          "pathY": [127.0378701, 127.0382936, 127.03895]
        },
        {
          "x": 127.03895,
          "y": 37.5229192,
          "direction": -20.09256341907475,
          "description": "삼성디지털프라자 강남본점 방면으로 횡단보도 건너기",
          "distance": 46,
          "duration": 42,
          "pathLength": 3,
          "pathX": [37.5229192, 37.523083, 37.523308],
          "pathY": [127.03895, 127.0388913, 127.0387993]
        },
        {
          "x": 127.0387993,
          "y": 37.523308,
          "direction": 27.001305028087913,
          "description": "오른쪽 방향",
          "distance": 307,
          "duration": 277,
          "pathLength": 17,