{
  "summary": { "distance": 4671, "duration": 4204, "routeLength": 20 },
  "route": [
    {
      "x": 127.0099387,
      "y": 37.5044824,
      "direction": -88.79060207834782,
      "description": "현대자동차 반포지점까지 직진",
      "distance": 30,
      "duration": 27,
      "pathLength": 5,
      "pathX": [37.5044824, 37.504488, 37.504483, 37.5044635, 37.5044296],
      "pathY": [127.0099387, 127.0100055, 127.010105, 127.0101798, 127.0102581]
    },
    {
      "x": 127.0102581,
      "y": 37.5044296,
      "direction": 45.33408238972428,
      "description": "현대자동차 반포지점에서 2개 횡단보도 건너기",
      "distance": 99,
      "duration": 90,
      "pathLength": 7,
      "pathX": [37.5044296, 37.5044829, 37.504519, 37.5046026, 37.5049769, 37.5050077, 37.5050494],
      "pathY": [
        127.0102581,
        127.0102827,
        127.0103017,
        127.0106745,
        127.0105295,
        127.0105666,
        127.0106082
      ]
    },
    {
      "x": 127.0106082,
      "y": 37.5050494,
      "direction": -18.928728413757852,
      "description": "왼쪽 방향",
      "distance": 264,
      "duration": 238,
      "pathLength": 16,
      "pathX": [
        37.5050494,
        37.5051498,
        37.5051991,
        37.5053664,
        37.505558,
        37.5056273,
        37.5060051,
        37.5061462,
        37.5062101,
        37.5062964,
        37.5070107,
        37.5070747,
        37.5070963,
        37.5071379,
        37.5071939,
        37.5072219
      ],
      "pathY": [
        127.0106082,
        127.0104684,
        127.0104217,
        127.010338,
        127.0102462,
        127.0102164,
        127.0100136,
        127.0099358,
        127.0099026,
        127.0098579,
        127.0095138,
        127.0095111,
        127.0095166,
        127.0095333,
        127.0095578,
        127.0095712
      ]
    },
    {
      "x": 127.0095712,
      "y": 37.5072219,
      "direction": 32.127604403429075,
      "description": "고속터미널에서 오른쪽 방향",
      "distance": 576,
      "duration": 519,
      "pathLength": 20,
      "pathX": [
        37.5072219,
        37.5072553,
        37.5072797,
        37.5073467,
        37.5073684,
        37.5073911,
        37.5074102,
        37.5075854,
        37.5079302,
        37.5079577,
        37.5079824,
        37.5080573,
        37.5081212,
        37.508144,
        37.5081997,
        37.5084326,
        37.5089773,
        37.5091272,
        37.5091466,
        37.5091467
      ],
      "pathY": [
        127.0095712,
        127.009597,
        127.0096184,
        127.0096801,
        127.0096992,
        127.009733,
        127.0097748,
        127.0102941,
        127.0115025,
        127.0116053,
        127.0116889,
        127.0119328,
        127.0121247,
        127.0121992,
        127.0123776,
        127.0131184,
        127.0149354,
        127.0154469,
        127.0155441,
        127.015586
      ]
    },
    {
      "x": 127.015586,
      "y": 37.5091467,
      "direction": 90,
      "description": "반포자이아파트117동에서 횡단보도 건너기",
      "distance": 13,
      "duration": 12,
      "pathLength": 2,
      "pathX": [37.5091467, 37.5092551],
      "pathY": [127.015586, 127.0156328]
    },
    {
      "x": 127.0156328,
      "y": 37.5092551,
      "direction": 72.79923970317525,
      "description": "직진",
      "distance": 508,
      "duration": 458,
      "pathLength": 14,
      "pathX": [
        37.5092551,
        37.5095081,
        37.5095547,
        37.509688,
        37.5097776,
        37.5100242,
        37.5101631,
        37.5102326,
        37.5103604,
        37.5104161,
        37.5105103,
        37.5105441,
        37.5107051,
        37.5108886
      ],
      "pathY": [
        127.0156328,
        127.016447,
        127.0166051,
        127.0170274,
        127.0173165,
        127.0181194,
        127.0185722,
        127.0188162,
        127.0192295,
        127.0193966,
        127.0197332,
        127.0198518,
        127.0204357,
        127.0210048
      ]
    },
    {
      "x": 127.0210048,
      "y": 37.5108886,
      "direction": -27.143604873436797,
      "description": "대림사무용가구 방면으로 횡단보도 건너기",
      "distance": 25,
      "duration": 23,
      "pathLength": 3,
      "pathX": [37.5108886, 37.5109939, 37.511091],
      "pathY": [127.0210048, 127.0209521, 127.0209017]
    },
    {
      "x": 127.0209017,
      "y": 37.511091,
      "direction": 8.12690272542832,
      "description": "오른쪽 방향",
      "distance": 231,
      "duration": 208,
      "pathLength": 14,
      "pathX": [
        37.511091,
        37.5111074,
        37.5111327,
        37.5111608,
        37.5111824,
        37.5111969,
        37.5112438,
        37.5112771,
        37.5116163,
        37.511888,
        37.512138,
        37.512641,
        37.5127688,
        37.5130351
      ],
      "pathY": [
        127.0209017,
        127.0209355,
        127.0209659,
        127.0209861,
        127.0209961,
        127.0210051,
        127.0210105,
        127.021008,
        127.0208497,
        127.0207155,
        127.020594,
        127.0203747,
        127.0203139,
        127.0202103
      ]
    },
    {
      "x": 127.0202103,
      "y": 37.5130351,
      "direction": 76.84817031178524,
      "description": "현대제철 서울영업소에서 2개 횡단보도 건너기",
      "distance": 44,
      "duration": 40,
      "pathLength": 4,
      "pathX": [37.5130351, 37.5130938, 37.5130994, 37.5131353],
      "pathY": [127.0202103, 127.02046, 127.0204996, 127.0206883]
    },
    {
      "x": 127.0206883,
      "y": 37.5131353,
      "direction": 36.18578536497781,
      "description": "왼쪽 방향",
      "distance": 325,
      "duration": 293,
      "pathLength": 15,
      "pathX": [
        37.5131353,
        37.5132163,
        37.5137241,
        37.5138546,
        37.5140158,
        37.5143741,
        37.5146352,
        37.5148441,
        37.5155769,
        37.5156354,
        37.5157713,
        37.515783,
        37.5158272,
        37.5159021,
        37.5159852
      ],
      "pathY": [
        127.0206883,
        127.0206527,
        127.0205137,
        127.0204687,
        127.020427,
        127.020333,
        127.0202601,
        127.0201999,
        127.0199711,
        127.0199436,
        127.0199054,
        127.0199053,
        127.019913,
        127.0199385,
        127.0199685
      ]
    },
    {
      "x": 127.0199685,
      "y": 37.5159852,
      "direction": 30.144041576919058,
      "description": "신사역에서 오른쪽 방향",
      "distance": 1736,
      "duration": 1563,
      "pathLength": 69,
      "pathX": [
        37.5159852,
        37.5160467,
        37.516091,
        37.5161163,
        37.5161635,
        37.5162162,
        37.5163018,
        37.5163109,
        37.5163273,
        37.5163382,
        37.5164129,
        37.5164858,
        37.5166495,
        37.5169053,
        37.516919,
        37.5169381,
        37.5171074,
        37.5172719,
        37.5173656,
        37.5174467,
        37.517566,
        37.517891,
        37.5180857,
        37.5183633,
        37.5186409,
        37.5187137,
        37.518741,
        37.5187774,
        37.5191407,
        37.5192353,
        37.5194157,
        37.5194276,
        37.5194577,
        37.5195243,
        37.5195434,
        37.519774,
        37.5197996,
        37.5201463,
        37.5202439,
        37.5202913,
        37.5206856,
        37.5207495,
        37.5208327,
        37.5210355,
        37.5210574,
        37.5211185,
        37.5212025,
        37.5212081,
        37.5212048,
        37.5211915,
        37.5212439,
        37.5212881,
        37.5213968,
        37.5213852,
        37.5213684,
        37.5214217,
        37.5214498,
        37.5214635,
        37.5214936,
        37.5215165,
        37.5215521,
        37.5219497,
        37.5220017,
        37.5220245,
        37.5220437,
        37.5224352,
        37.5224553,
        37.5224718,
        37.5225383
      ],